feature_a,feature_b,pearson_corr
DTR_so_far_23h_x,Temp_range_00_23h_x,1.0
daylight_hours_x,daylight_hours_plus1,0.9998515419265726
climatology_tmax_doy,climatology_tmax_doy_plus1,0.9997577984788043
Temp_change_23h_minus_12h,Temp_change_last_12h,0.9997372942500281
climatology_tmax_doy,climatology_tmean_doy_plus1,0.9996626694034575
climatology_tmax_p10_doy,climatology_tmax_p10_doy_plus1,0.9993872273157712
climatology_tmax_doy_plus1,climatology_tmean_doy_plus1,0.9993108250052872
climatology_tmin_doy_plus1,climatology_tmean_doy_plus1,0.999210770601427
Temp_change_23h_minus_18h,Temp_change_last_6h,0.9991440519033926
climatology_tmax_p90_doy,climatology_tmax_p90_doy_plus1,0.9990681029600107
tmax_anomaly_x,tmax_anomaly_vs_doy_plus1,0.9990557275032914
Temp_21h_x,Temp_mean_last_6h,0.9983542859815653
Temp_23h_x,Temp_min_last_6h,0.9981113025063391
Temp_18h_x,Temp_max_last_6h,0.99808130130651
climatology_tmax_doy,climatology_tmin_doy_plus1,0.9980346680590404
tmax_ma14_completed,tmean_ma14_completed,0.997894545265405
climatology_tmax_p10_doy,climatology_tmean_doy_plus1,0.9978198039965874
climatology_tmax_p10_doy_plus1,climatology_tmean_doy_plus1,0.997752064997014
climatology_tmax_doy,climatology_tmax_p10_doy_plus1,0.997575493871304
climatology_tmax_doy,climatology_tmax_p10_doy,0.9975055826048219
climatology_tmax_doy_plus1,climatology_tmax_p10_doy_plus1,0.9974770308602797
climatology_tmax_p10_doy,climatology_tmin_doy_plus1,0.9972127827803378
climatology_tmax_doy_plus1,climatology_tmin_doy_plus1,0.9970476698893685
tmax_ma7_completed,tmean_ma7,0.9970003339033017
climatology_tmax_p10_doy,climatology_tmax_doy_plus1,0.9969634680247851
tmin_ma7_completed,tmean_ma7,0.9965741850999881
climatology_tmax_p10_doy_plus1,climatology_tmin_doy_plus1,0.9965230937564411
Temp_mean_last_6h,Temp_min_last_6h,0.9963803584056894
climatology_tmax_p90_doy,climatology_tmax_doy_plus1,0.9960214790883671
Temp_21h_x,Temp_min_last_6h,0.9959097757154171
Temp_mean_last_6h,Temp_max_last_6h,0.9958752631769712
climatology_tmax_doy,climatology_tmax_p90_doy,0.9955831435352022
climatology_tmax_doy_plus1,climatology_tmax_p90_doy_plus1,0.9955369660964972
tmax_ma3_completed,tmean_ma3_completed,0.9951002613190391
Temp_23h_x,Temp_mean_last_6h,0.9946939533974806
climatology_tmax_doy,climatology_tmax_p90_doy_plus1,0.9945728569181231
tmin_ma3_completed,tmean_ma3_completed,0.9943184068421183
Temp_23h_x,Temp_21h_x,0.994230572123929
Temp_18h_x,Temp_mean_last_6h,0.9941465260545458
climatology_tmax_p90_doy,climatology_tmean_doy_plus1,0.9939736924438451
climatology_tmax_std_doy,climatology_tmax_std_doy_plus1,0.9938579426091347
climatology_tmax_p90_doy_plus1,climatology_tmean_doy_plus1,0.9928735143520578
Temp_21h_x,Temp_max_last_6h,0.9913574630386524
Td_23h_x,Td_mean_last_6h,0.9910556889525044
tmax_lag1,tmean_lag1,0.9906538782089745
tmax_lag2,tmean_lag2,0.9906536237282296
tmax_lag3,tmean_lag3,0.9906532723705167
Tmean_so_far_23h_x,Temp_12h_x,0.9905645639078695
climatology_tmax_p90_doy,climatology_tmin_doy_plus1,0.9902648298096236
climatology_tmax_p90_doy,climatology_tmax_p10_doy_plus1,0.9896451304628413
tmin_lag2,tmin_ma3_completed,0.9892256973221332
climatology_tmax_p10_doy,climatology_tmax_p90_doy,0.9889296266664361
Temp_18h_x,Temp_21h_x,0.9888800868468164
tmin_lag1,tmean_lag1,0.9888429500718195
tmin_lag2,tmean_lag2,0.9888421677757718
tmin_lag3,tmean_lag3,0.9888415820767306
climatology_tmax_p10_doy_plus1,climatology_tmax_p90_doy_plus1,0.9888197299821198
climatology_tmax_p90_doy_plus1,climatology_tmin_doy_plus1,0.9885075056686485
Tmax_so_far_23h_x,Tmean_so_far_23h_x,0.9884329875463621
Tmin_so_far_23h_x,Tmean_so_far_23h_x,0.9882688568964088
tmean_lag2,tmean_ma3_completed,0.9879760566606334
MA_Tmax_3d_asof_23h,Temp_23h_ma3,0.9879488476995468
climatology_tmax_p10_doy,climatology_tmax_p90_doy_plus1,0.9877637839338503
tmax_ma7_completed,tmin_ma7_completed,0.987183760349665
Temp_min_last_6h,Temp_max_last_6h,0.9865784795078131
Tmax_so_far_23h_x,Temp_12h_x,0.9857090423886398
Temp_18h_x,Temp_min_last_6h,0.9850436019519091
Temp_23h_x,Temp_max_last_6h,0.9850147118952773
tmin_ma7_completed,tmean_ma14_completed,0.9845092154558568
MA_Tmax_3d_asof_23h,tmean_lag1,0.9842373745584752
tmin_lag2,tmean_ma3_completed,0.9839687061446646
tmax_ma14_completed,tmean_ma7,0.9838941764164908
tmean_lag2,tmax_ma3_completed,0.983888082180768
month_sin,daylight_delta_plus1_minus_x,0.9835491431807385
tmean_ma7,tmean_ma14_completed,0.9833145133621782
Tmean_so_far_23h_x,Temp_mean_last_6h,0.9831982613885992
Tmean_so_far_23h_x,Temp_18h_x,0.9830629794730525
tmax_min7_completed,tmean_ma7,0.9830396260559346
Tmean_so_far_23h_x,Temp_max_last_6h,0.9828973229142742
Tmax_so_far_23h_x,Temp_max_last_6h,0.9820771454616133
Tmin_so_far_23h_x,Temp_06h_x,0.9818453252543821
tmean_lag1,Temp_23h_ma3,0.9817951088804252
Tmax_so_far_23h_x,Temp_18h_x,0.9815582765481268
tmean_lag2,tmin_ma3_completed,0.9815522433086713
tmax_min7_completed,tmin_ma7_completed,0.9810922190655901
Temp_change_last_6h,Temp_slope_last_6h,0.9809825471305453
Temp_23h_x,Temp_18h_x,0.9809232858634239
tmax_ma7_completed,tmax_ma14_completed,0.9808017821061672
tmax_ma14_completed,tmin_ma7_completed,0.9806739663605101
daylight_delta_plus1_minus_x,doy_sin,0.9806376120408458
Tmean_so_far_23h_x,Temp_06h_x,0.9805356526732144
Temp_change_23h_minus_18h,Temp_slope_last_6h,0.9804683323608805
Td_mean_00_23h_x,Td_min_00_23h_x,0.9801208498345599
MA_Tmax_3d_asof_23h,tmax_ma3_completed,0.9798213953513807
Tmean_so_far_23h_x,Temp_21h_x,0.9794620903114323
Tmean_so_far_23h_x,Temp_23h_ma3,0.9794061190390303
tmax_ma3_completed,tmin_ma3_completed,0.9789220146191064
tmax_ma7_completed,tmax_min7_completed,0.9787616596641577
MA_Tmax_3d_asof_23h,tmax_lag1,0.97861967885322
Tmin_so_far_23h_x,Temp_23h_ma3,0.9784866424208725
tmin_lag1,Temp_23h_ma3,0.9784773169618364
tmax_lag2,tmax_ma3_completed,0.9782065562080241
Tmean_so_far_23h_x,Temp_min_last_6h,0.9779106119324691
Td_mean_00_23h_x,Td_max_00_23h_x,0.9768458526360935
Tmax_so_far_23h_x,Temp_mean_last_6h,0.9767852229495863
tmin_ma3_completed,tmin_ma7_completed,0.9766139256081913
MA_Tmax_3d_asof_23h,tmean_ma3_completed,0.9762791938470096
tmax_ma7_completed,tmean_ma14_completed,0.9760932053107026
tmin_ma3_completed,tmean_ma7,0.9757132304362025
Temp_12h_x,Temp_18h_x,0.975061201890505
tmean_ma3_completed,tmean_ma7,0.9747493915136233
Tmean_so_far_23h_x,Temp_23h_x,0.9746372064001892
Temp_12h_x,Temp_max_last_6h,0.9744883621241526
tmax_ma7_completed,tmean_ma3_completed,0.9740599880634171
tmin_lag1,tmin_ma3_completed,0.9723478196146089
tmin_lag3,tmin_ma3_completed,0.9723453396462141
tmax_lag2,tmean_ma3_completed,0.9723175681354627
Temp_12h_x,Temp_mean_last_6h,0.9722695416869098
Tmax_so_far_23h_x,Temp_21h_x,0.9714463500490342
Tmin_so_far_23h_x,Temp_12h_x,0.9706770170091457
tmax_ma7_completed,tmax_max7_completed,0.9697289053377153
tmean_lag1,tmean_ma3_completed,0.9693704819695927
tmean_lag3,tmean_ma3_completed,0.969368284758866
MA_Tmax_3d_asof_23h,tmin_lag1,0.969345272062481
tmin_lag1,tmean_ma3_completed,0.969261879506264
tmin_lag2,tmax_ma3_completed,0.969072025884401
tmin_ma7_completed,tmean_ma3_completed,0.9690223613470152
tmax_ma3_completed,tmax_ma7_completed,0.9690183681902382
tmean_ma3_completed,Temp_23h_ma3,0.9689657319534554
tmax_ma7_completed,tmin_ma3_completed,0.9688153659556251
tmax_min7_completed,tmean_ma14_completed,0.9679009918524584
Tmin_so_far_23h_x,Temp_min_last_6h,0.9677435352267061
Tmin_so_far_23h_x,Temp_mean_last_6h,0.9676873084444888
tmax_ma14_completed,tmax_min7_completed,0.9675978637854072
Temp_12h_x,Temp_21h_x,0.9675108180043951
Td_mean_00_23h_x,Td_mean_last_6h,0.9671794733741264
Tmax_so_far_23h_x,Temp_min_last_6h,0.9671167338007867
tmean_lag3,tmin_ma3_completed,0.9668794515919272
tmean_lag1,tmax_ma3_completed,0.9666717613267267
Tmean_so_far_23h_x,MA_Tmax_3d_asof_23h,0.9664448555413355
Temp_06h_x,Temp_23h_ma3,0.9662610393371197
tmax_lag1,Temp_23h_ma3,0.9656283131806176
Temp_12h_x,Temp_min_last_6h,0.9655378515974441
Tmin_so_far_23h_x,Temp_21h_x,0.9655147671193945
Tmax_so_far_23h_x,Temp_23h_x,0.9647893203240707
Tmin_so_far_23h_x,Temp_23h_x,0.9645421643169638
tmin_ma3_completed,Temp_23h_ma3,0.9644450913493747
tmin_lag3,tmean_ma3_completed,0.9640188046290417
tmax_ma3_completed,tmean_ma7,0.9639341471141999
tmin_lag3,tmin_ma7_completed,0.963611011591808
tmax_ma3_completed,Temp_23h_ma3,0.9633033248970649
climatology_tmin_doy_plus1,tmax_ma14_completed,0.9630995390850006
climatology_tmin_doy_plus1,tmean_ma14_completed,0.9624608014060323
tmax_min7_completed,tmin_ma3_completed,0.9622007427845757
Tmin_so_far_23h_x,Temp_18h_x,0.9621915531407672
Tmin_so_far_23h_x,Temp_max_last_6h,0.9621277809324502
Temp_23h_x,Temp_12h_x,0.9621114477049795
MA_Tmax_3d_asof_23h,tmean_lag2,0.9619563362009739
tmean_lag3,tmax_ma3_completed,0.9618147511874847
MA_Tmax_3d_asof_23h,tmin_ma3_completed,0.9617687203219236
Temp_mean_last_6h,Temp_23h_ma3,0.9617548322160858
tmean_lag1,tmin_ma3_completed,0.9616548234010932
Temp_min_last_6h,Temp_23h_ma3,0.961620084118847
Td_min_00_23h_x,Td_mean_last_6h,0.9615795120702401
tmin_lag3,tmean_ma7,0.9615398630209302
Temp_06h_x,Temp_12h_x,0.9614830123445562
Tmax_so_far_23h_x,Tmin_so_far_23h_x,0.9603241180676699
Tmax_so_far_23h_x,Temp_23h_ma3,0.9602298139435844
tmean_lag3,tmean_ma7,0.9598311643016973
Td_mean_00_23h_x,td_ma3,0.9598117017522593
climatology_tmean_doy_plus1,tmax_ma14_completed,0.9598053460433068
tmax_min7_completed,tmean_ma3_completed,0.959646126533694
tmax_max7_completed,tmean_ma7,0.959607191730208
Temp_23h_x,Temp_23h_ma3,0.9594423970691269
tmax_lag7,tmin_lag7,0.9593073884345619
tmax_lag1,tmin_lag1,0.9592827491487679
tmax_lag2,tmin_lag2,0.9592807388750835
tmax_lag3,tmin_lag3,0.9592789007639954
Temp_21h_x,Temp_23h_ma3,0.959098441493575
tmean_lag3,tmax_ma7_completed,0.9583284731777758
climatology_tmax_doy,tmax_ma14_completed,0.9582015981549991
Temp_12h_x,Temp_23h_ma3,0.9581120508993247
climatology_tmax_p10_doy,tmax_ma14_completed,0.9578383878268011
tmin_lag2,tmin_ma7_completed,0.9577767510665588
DTR_so_far_23h_x,Temp_std_00_23h_x,0.957655707770697
Temp_std_00_23h_x,Temp_range_00_23h_x,0.957655707770697
climatology_tmean_doy_plus1,tmean_ma14_completed,0.9576511066364835
Tmax_so_far_23h_x,MA_Tmax_3d_asof_23h,0.9575757908032316
Tmin_so_far_23h_x,MA_Tmax_3d_asof_23h,0.957497892166451
tmin_ma3_completed,tmean_ma14_completed,0.9574614943704988
MA_Tmax_3d_asof_23h,tmax_lag2,0.9572165310538545
tmax_lag1,tmax_ma3_completed,0.9570466574993942
tmax_lag3,tmax_ma3_completed,0.9570445364524764
tmin_lag2,tmean_ma7,0.9569386631540701
Temp_max_last_6h,Temp_23h_ma3,0.956767651652616
tmin_lag1,tmax_ma3_completed,0.956531408902374
Temp_18h_x,Temp_23h_ma3,0.9562793329289684
climatology_tmax_p10_doy,tmean_ma14_completed,0.9556798342986187
Tmax_so_far_23h_x,Temp_06h_x,0.9556654062686999
climatology_tmax_doy_plus1,tmax_ma14_completed,0.955357605179382
climatology_tmax_p10_doy_plus1,tmax_ma14_completed,0.9553451022844365
tmax_ma14_completed,tmin_ma3_completed,0.9553372866823543
tmax_lag2,tmin_ma3_completed,0.9553238977413496
tmax_lag3,tmean_ma3_completed,0.9553019181296476
climatology_tmax_doy,tmean_ma14_completed,0.9552376480083853
tmean_lag3,tmin_ma7_completed,0.9550721061301457
tmax_ma14_completed,tmean_ma3_completed,0.9550572183276799
Td_23h_x,Vapor_pressure_23h,0.9548588392995407
climatology_tmin_doy_plus1,tmean_ma7,0.9545861124009395
month_sin,doy_sin,0.954229669718246
td_ma3,Temp_23h_ma3,0.9539387304024664
month_cos,doy_cos,0.9539123470948174
Td_min_00_23h_x,td_ma3,0.9539122365299992
tmean_lag2,tmean_ma7,0.9538356100859475
tmin_lag3,tmax_ma7_completed,0.9536345986392464
tmean_lag2,tmax_ma7_completed,0.9532981073812495
tmin_lag1,td_ma3,0.9529938982365992
tmean_ma3_completed,tmean_ma14_completed,0.9529812074243561
MA_Tmax_3d_asof_23h,Temp_06h_x,0.9525689545769346
climatology_tmax_p10_doy_plus1,tmean_ma14_completed,0.9525574765623536
Tmin_so_far_23h_x,tmin_lag1,0.9525330374793798
climatology_tmin_doy_plus1,tmin_ma7_completed,0.9524767039241815
tmax_ma3_completed,tmin_ma7_completed,0.9521093668011948
climatology_tmean_doy_plus1,tmean_ma7,0.9518632817703917
climatology_tmax_doy_plus1,tmean_ma14_completed,0.9517902201780993
Tmin_so_far_23h_x,tmean_lag1,0.9513703424874961
tmin_lag1,tmin_lag2,0.9511551147106482
tmin_lag2,tmin_lag3,0.9511528659366999
MA_Tmax_3d_asof_23h,tmax_ma7_completed,0.9510209604770816
Temp_06h_x,tmean_lag1,0.9508433217902097
tmean_ma7,Temp_23h_ma3,0.9506280246435286
climatology_tmin_doy_plus1,tmax_ma7_completed,0.9505484725590508
tmax_lag1,tmean_ma3_completed,0.9505068193491678
climatology_tmax_doy,tmean_ma7,0.9505013573938763
MA_Tmax_3d_asof_23h,Temp_12h_x,0.9504911285650509
Temp_06h_x,tmin_lag1,0.9503837141648231
tmin_lag2,tmax_ma7_completed,0.9502158978159831
Tmin_so_far_23h_x,td_ma3,0.9501677312182059
climatology_tmax_p10_doy,tmean_ma7,0.9496007307217036
climatology_tmean_doy_plus1,tmax_ma7_completed,0.9493880880068538
tmin_lag1,tmean_lag2,0.9492808394543377
tmin_lag2,tmean_lag3,0.9492789031871715
Temp_change_last_12h,Temp_slope_last_12h,0.9492122394111664
climatology_tmax_p90_doy,tmax_ma14_completed,0.9489961037633242
tmax_ma7_completed,Temp_23h_ma3,0.9489006742179079
Td_23h_x,Td_min_00_23h_x,0.9488940944803675
climatology_tmax_doy,tmax_ma7_completed,0.9488871915953522
Temp_change_23h_minus_12h,Temp_slope_last_12h,0.9488481050533699
Td_23h_x,Td_mean_00_23h_x,0.9487686531823535
tmean_lag2,Temp_23h_ma3,0.9483872692381939
climatology_tmean_doy_plus1,tmin_ma7_completed,0.9481032299564442
tmean_lag2,tmin_ma7_completed,0.948084946980387
climatology_tmax_doy_plus1,tmean_ma7,0.9479608035015626
Td_mean_last_6h,Vapor_pressure_23h,0.947876741816367
Tmean_so_far_23h_x,tmean_lag1,0.9478577696905627
tmax_ma3_completed,tmax_min7_completed,0.9475070250674412
climatology_tmax_p10_doy_plus1,tmean_ma7,0.9474404560905388
climatology_tmax_p10_doy,tmax_ma7_completed,0.9471146886778947
MA_Tmax_3d_asof_23h,tmean_ma7,0.9469965369092547
climatology_tmax_doy_plus1,tmax_ma7_completed,0.9469492291079248
tmax_ma14_completed,tmax_max7_completed,0.9467793279301575
MA_Tmax_3d_asof_23h,tmin_lag2,0.9465803833917213
tmin_lag3,tmax_ma3_completed,0.9464740678442808
climatology_tmin_doy_plus1,tmax_min7_completed,0.9463775361219111
tmin_ma7_completed,Temp_23h_ma3,0.9461708661149255
tmin_lag7,tmean_ma14_completed,0.9461221511298917
climatology_tmax_p10_doy,tmin_ma7_completed,0.9458674888302109
climatology_tmax_doy,tmin_ma7_completed,0.9458307418999434
tmean_lag1,tmean_lag2,0.9457632714082466
tmean_lag2,tmean_lag3,0.9457608724289689
Td_max_00_23h_x,td_ma3,0.9457267420389402
climatology_tmax_p10_doy_plus1,tmax_ma7_completed,0.9455790380256168
climatology_tmax_p90_doy_plus1,tmax_ma14_completed,0.9453706684765655
tmin_lag2,Temp_23h_ma3,0.9451533093395105
tmax_ma3_completed,tmax_ma14_completed,0.9450760389875785
tmin_lag3,tmax_min7_completed,0.9450418909610439
Temp_06h_x,td_ma3,0.9444166631515614
tmin_lag2,tmax_min7_completed,0.9443646164629957
tmean_lag1,td_ma3,0.9442644767702102
climatology_tmax_p90_doy,tmean_ma14_completed,0.9442370489517926
SLP_mean_00_23h_x,SLP_min_00_23h_x,0.9442198792669575
tmin_lag1,tmean_ma7,0.944185341986584
Temp_06h_x,Td_mean_00_23h_x,0.9441737013451605
tmin_lag1,tmin_ma7_completed,0.9439187316568777
tmin_lag7,tmin_ma7_completed,0.9438974773574825
tmax_lag3,tmax_ma7_completed,0.9438777871300754
climatology_tmean_doy_plus1,tmax_min7_completed,0.943714352168247
Tmean_so_far_23h_x,tmin_lag1,0.9434683323997523
HR_23h_x,HR_mean_last_6h,0.9431010267741362
climatology_tmax_p10_doy_plus1,tmin_ma7_completed,0.943054541957512
MA_Tmax_3d_asof_23h,Temp_18h_x,0.9430382091285285
climatology_tmax_p10_doy,tmax_min7_completed,0.9430258102616081
tmax_lag3,tmin_ma3_completed,0.942958759561278
climatology_tmax_doy_plus1,tmin_ma7_completed,0.9426636088171788
Tmin_so_far_23h_x,Td_mean_00_23h_x,0.9426404982312891
MA_Tmax_3d_asof_23h,Temp_max_last_6h,0.9424500011050235
climatology_tmax_p90_doy,tmax_ma7_completed,0.9424351646635998
tmax_max7_completed,tmin_ma7_completed,0.9424282381467893
climatology_tmax_doy,tmax_min7_completed,0.9423353730448952
tmin_lag3,tmean_ma14_completed,0.9422002497051369
climatology_tmax_p90_doy,tmean_ma7,0.9421592882156574
tmin_lag2,tmean_lag1,0.9416748497163805
tmin_lag3,tmean_lag2,0.941671478642176
MA_Tmax_3d_asof_23h,Temp_mean_last_6h,0.9415692665806591
climatology_tmax_p10_doy_plus1,tmax_min7_completed,0.9407908037640226
tmean_lag3,tmax_min7_completed,0.9407811562582792
SLP_mean_00_23h_x,SLP_max_00_23h_x,0.9403593007339441
tmax_ma3_completed,tmax_max7_completed,0.9403556332988209
tmin_lag7,tmax_ma14_completed,0.9401143149625015
climatology_tmax_p90_doy_plus1,tmean_ma14_completed,0.9400305326433742
climatology_tmax_doy_plus1,tmax_min7_completed,0.9398792391222685
tmax_ma14_completed,Temp_23h_ma3,0.9397072376687899
Temp_06h_x,Td_max_00_23h_x,0.9396453503888259
climatology_tmax_p90_doy_plus1,tmax_ma7_completed,0.9396424311221304
tmax_min7_completed,Temp_23h_ma3,0.9395166599797456
tmax_lag3,tmean_ma7,0.9394886081981615
tmin_lag3,tmax_ma14_completed,0.9393085071738644
tmean_lag1,tmax_ma7_completed,0.9391695907041179
tmean_lag1,tmean_ma7,0.939147112616121
tmax_ma3_completed,tmean_ma14_completed,0.9391193132092542
tmean_lag2,tmax_min7_completed,0.9388588211179558
climatology_tmax_p90_doy_plus1,tmean_ma7,0.9388072260984643
tmin_lag1,tmax_ma7_completed,0.93857553863289
tmean_ma14_completed,Temp_23h_ma3,0.9383583752631472
Tmean_so_far_23h_x,td_ma3,0.9382307331890843
tmax_max7_completed,tmean_ma3_completed,0.9380188527591263
Td_max_00_23h_x,Td_mean_last_6h,0.9377761895069575
tmean_lag3,tmax_ma14_completed,0.9377589438540341
tmin_lag2,tmean_ma14_completed,0.9377350012737613
MA_Tmax_3d_asof_23h,td_ma3,0.9376662590835434
tmax_lag2,tmax_ma7_completed,0.9374709199442763
Temp_06h_x,Temp_mean_last_6h,0.9372594223970326
MA_Tmax_3d_asof_23h,Temp_21h_x,0.9369424811265287
tmin_lag7,tmean_ma7,0.9368817103682652
tmax_max7_completed,tmean_ma14_completed,0.9367829193530108
MA_Tmax_3d_asof_23h,Temp_min_last_6h,0.9365942760189715
MA_Tmax_3d_asof_23h,tmin_ma7_completed,0.9364165300927996
tmean_lag3,tmean_ma14_completed,0.9363833653987124
Temp_06h_x,Temp_max_last_6h,0.9359839340953165
Temp_06h_x,Temp_18h_x,0.9358571417024519
tmin_lag2,tmax_ma14_completed,0.9356696548134623
climatology_tmax_p90_doy,tmin_ma7_completed,0.9355259054797468
climatology_tmin_doy_plus1,tmin_ma3_completed,0.9349577698793046
Tmean_so_far_23h_x,Td_mean_00_23h_x,0.9344949227816828
MA_Tmax_3d_asof_23h,tmax_min7_completed,0.9344209027753281
climatology_tmin_doy_plus1,tmean_ma3_completed,0.9338984231029227
MA_Tmax_3d_asof_23h,tmax_ma14_completed,0.9338105042131143
Temp_06h_x,Temp_21h_x,0.9336182647159719
tmin_lag1,tmax_min7_completed,0.9336126689976197
Tmin_so_far_23h_x,Td_min_00_23h_x,0.9334993801728411
Temp_06h_x,Temp_min_last_6h,0.9334490438020212
Tmean_so_far_23h_x,tmax_lag1,0.9333347740916315
tmean_lag2,tmax_ma14_completed,0.9332831148605658
Temp_23h_x,MA_Tmax_3d_asof_23h,0.9332405454554308
tmax_lag1,tmin_ma3_completed,0.9330514042467684
tmean_lag1,tmin_ma7_completed,0.932895477593269
tmax_lag2,Temp_23h_ma3,0.9327990074246424
climatology_tmax_p90_doy,tmax_min7_completed,0.932707110207438
tmin_ma3_completed,td_ma3,0.932680398045557
Temp_06h_x,tmax_lag1,0.9326634975086527
climatology_tmean_doy_plus1,tmean_ma3_completed,0.9324032957156215
tmax_lag2,tmean_ma7,0.9323343729413056
Td_min_00_23h_x,Td_max_00_23h_x,0.9320214627459111
climatology_tmean_doy_plus1,tmin_ma3_completed,0.931828294587697
Tmin_so_far_23h_x,tmax_lag1,0.9316947157443407
climatology_tmax_p90_doy_plus1,tmin_ma7_completed,0.9315989360407424
climatology_tmax_doy,tmean_ma3_completed,0.931372653619723
climatology_tmin_doy_plus1,Temp_23h_ma3,0.9313640451989461
tmean_lag2,tmean_ma14_completed,0.931182264327314
Tmin_so_far_23h_x,tmean_ma3_completed,0.9310944526574624
tmax_lag2,tmean_lag1,0.9310048262293379
tmax_lag3,tmean_lag2,0.9310025685123947
Tmin_so_far_23h_x,tmin_ma3_completed,0.9309373703804271
Temp_23h_x,Temp_06h_x,0.9301392036708654
climatology_tmax_doy,tmin_ma3_completed,0.9299419411508735
climatology_tmean_doy_plus1,Temp_23h_ma3,0.9298867202944496
climatology_tmax_p10_doy,tmean_ma3_completed,0.9298645960169611
climatology_tmax_p90_doy_plus1,tmax_min7_completed,0.9297029003570796
climatology_tmax_doy_plus1,tmean_ma3_completed,0.9296758556794132
climatology_tmax_p10_doy,tmin_ma3_completed,0.9293302784031653
tmin_lag1,tmean_ma14_completed,0.9291279732322953
tmax_lag2,tmin_lag1,0.9289938376469212
tmax_lag3,tmin_lag2,0.9289914671345902
tmean_lag1,tmax_min7_completed,0.9289707956203317
climatology_tmax_doy,Temp_23h_ma3,0.9288216296111104
tmax_lag3,tmin_ma7_completed,0.9285686243051903
tmean_ma3_completed,td_ma3,0.9285093123858399
climatology_tmax_p10_doy_plus1,tmean_ma3_completed,0.9284996693653947
MA_Tmax_3d_asof_23h,tmean_ma14_completed,0.9282065175788532
tmin_lag1,tmax_ma14_completed,0.9278529763832282
climatology_tmax_doy_plus1,tmin_ma3_completed,0.9275743954623871
climatology_tmax_p10_doy,Temp_23h_ma3,0.9275060080127628
climatology_tmax_p10_doy_plus1,tmin_ma3_completed,0.9272575379069316
climatology_tmax_doy_plus1,Temp_23h_ma3,0.9271804041269303
Td_mean_last_6h,td_ma3,0.9270077103210296
climatology_tmax_p10_doy_plus1,Temp_23h_ma3,0.9260987373060857
Tmax_so_far_23h_x,tmean_lag1,0.9260217075683681
Tmean_so_far_23h_x,tmean_ma3_completed,0.9255915039199781
tmax_max7_completed,tmin_ma3_completed,0.9252253721624913
Tmean_so_far_23h_x,Td_max_00_23h_x,0.9250867975351834
tmin_lag7,tmax_ma7_completed,0.9245021027706051
climatology_tmax_p90_doy,tmean_ma3_completed,0.9242503436950967
tmax_lag7,tmax_ma14_completed,0.9242248400075846
tmean_lag1,tmax_ma14_completed,0.9240994030501295
Tmin_so_far_23h_x,Td_max_00_23h_x,0.9240922006010408
Temp_12h_x,tmean_lag1,0.9240460396513135
tmax_lag1,tmean_lag2,0.9240410468144572
tmax_lag2,tmean_lag3,0.9240376274849836
MA_Tmax_3d_asof_23h,tmax_max7_completed,0.9239399403643649
Tmin_so_far_23h_x,tmean_ma7,0.923437162432615
climatology_tmean_doy_plus1,tmax_ma3_completed,0.9233213015917346
climatology_tmin_doy_plus1,tmax_ma3_completed,0.9232827075491463
climatology_tmax_doy,tmax_ma3_completed,0.9230962407446599
Td_23h_x,td_ma3,0.9229715355076823
MA_Tmax_3d_asof_23h,climatology_tmean_doy_plus1,0.9229099792275045
tmax_lag7,tmean_ma7,0.9228534257120096
MA_Tmax_3d_asof_23h,climatology_tmax_doy,0.9228408995450744
MA_Tmax_3d_asof_23h,climatology_tmin_doy_plus1,0.9224417214464665
tmin_lag7,tmax_min7_completed,0.92206344783347
climatology_tmax_doy_plus1,tmax_ma3_completed,0.9220400639973243
MA_Tmax_3d_asof_23h,climatology_tmax_doy_plus1,0.9220308443216095
tmax_lag7,tmean_ma14_completed,0.9219682082664913
Tmean_so_far_23h_x,tmin_ma3_completed,0.9218548423242299
Td_23h_x,Td_max_00_23h_x,0.9218530541783845
Temp_06h_x,tmean_ma3_completed,0.9218110679589807
climatology_tmax_p90_doy_plus1,tmean_ma3_completed,0.9217757767253596
Tmin_so_far_23h_x,tmax_ma3_completed,0.9217646294228514
climatology_tmax_p90_doy,Temp_23h_ma3,0.9215646044218262
tmean_lag1,tmean_ma14_completed,0.9214999989290368
Tmin_so_far_23h_x,tmin_ma7_completed,0.9214546527269674
tmax_lag7,tmax_ma7_completed,0.9213639788922082
tmax_lag1,tmax_ma7_completed,0.9213412379903104
climatology_tmax_p90_doy,tmin_ma3_completed,0.9208993115478673
climatology_tmax_p10_doy,tmax_ma3_completed,0.9207709895009115
Temp_06h_x,tmin_ma3_completed,0.92075709101778
tmax_lag2,tmin_ma7_completed,0.9206632217268527
MA_Tmax_3d_asof_23h,climatology_tmax_p10_doy,0.9205219351035171
climatology_tmax_p10_doy_plus1,tmax_ma3_completed,0.9200776955834049
MA_Tmax_3d_asof_23h,climatology_tmax_p10_doy_plus1,0.9199823378960025
tmax_min7_completed,tmax_max7_completed,0.9199628973414724
tmean_lag3,tmax_max7_completed,0.9199159203122571
Tmean_so_far_23h_x,tmax_ma3_completed,0.9196425068121077
Tmin_so_far_23h_x,tmax_ma7_completed,0.9195619200377751
Td_min_00_23h_x,Vapor_pressure_23h,0.9195471549115937
climatology_tmax_p90_doy_plus1,Temp_23h_ma3,0.9190482219200686
Temp_12h_x,Td_mean_00_23h_x,0.9184962790198915
tmax_lag3,tmax_min7_completed,0.9184745377765071
Temp_06h_x,Td_min_00_23h_x,0.9183427443400373
tmax_lag7,tmin_ma7_completed,0.9183254197543669
Temp_23h_x,Td_23h_x,0.9183086334803565
tmax_lag3,tmax_ma14_completed,0.9179772154854098
climatology_tmax_p90_doy,tmax_ma3_completed,0.9178313536152041
MA_Tmax_3d_asof_23h,climatology_tmax_p90_doy,0.9178133151796648
tmax_lag1,td_ma3,0.9178059278430636
climatology_tmax_p90_doy_plus1,tmin_ma3_completed,0.9177644803718699
tmean_lag2,tmax_max7_completed,0.9175796706503748
Temp_12h_x,tmin_lag1,0.9171330286823196
Tmean_so_far_23h_x,tmean_ma7,0.9169640364842543
Tmax_so_far_23h_x,tmax_lag1,0.9167632269779731
Tmax_so_far_23h_x,tmin_lag1,0.9163494115683428
tmax_lag1,tmean_ma7,0.9161618923232611
MA_Tmax_3d_asof_23h,climatology_tmax_p90_doy_plus1,0.9161601654271792
climatology_tmax_p90_doy_plus1,tmax_ma3_completed,0.9159956900519091
Tmin_so_far_23h_x,tmean_ma14_completed,0.9158675084684591
Tmin_so_far_23h_x,tmax_ma14_completed,0.915737062974626
Td_mean_00_23h_x,Vapor_pressure_23h,0.9155572634833565
tmax_lag2,tmax_min7_completed,0.9154505050469849
Tmean_so_far_23h_x,tmax_ma7_completed,0.915416085472072
tmax_ma3_completed,td_ma3,0.9151875559530683
tmax_max7_completed,Temp_23h_ma3,0.9151790577235294
Tmean_so_far_23h_x,Td_min_00_23h_x,0.9151333428097697
Tmin_so_far_23h_x,tmax_min7_completed,0.914969424706301
climatology_tmin_doy_plus1,tmin_lag1,0.9149360345375687
Temp_12h_x,td_ma3,0.9148983216016506
tmax_std7_completed,tmean_std7_completed,0.9148465325927628
Td_mean_00_23h_x,Temp_23h_ma3,0.9146668020836668
tmax_lag1,tmax_lag2,0.9146336402943268
tmax_lag2,tmax_lag3,0.914630789662558
tmax_lag1,tmin_lag2,0.9145727453705396
tmax_lag2,tmin_lag3,0.9145678884406199
SLP_change_last_3h,SLP_change_last_6h,0.9144167961893643
climatology_tmin_doy_plus1,tmin_lag2,0.9143126715366474
tmin_lag2,td_ma3,0.9141932103648057
Temp_min_last_6h,td_ma3,0.9141639609561064
Temp_23h_x,Td_mean_last_6h,0.9141322751100955
Tmin_so_far_23h_x,climatology_tmin_doy_plus1,0.9134579203045797
Temp_06h_x,tmax_ma3_completed,0.9134087847038131
Tmin_so_far_23h_x,Td_mean_last_6h,0.9133517586191167
Td_23h_x,Temp_min_last_6h,0.913278738689246
Temp_23h_x,td_ma3,0.9131525100692989
climatology_tmin_doy_plus1,tmin_lag3,0.9131094908083619
tmax_lag3,tmax_max7_completed,0.9129569662842721
tmax_lag2,tmax_ma14_completed,0.9128382380873519
tmax_lag3,tmean_ma14_completed,0.9127205080240743
Tmean_so_far_23h_x,tmin_ma7_completed,0.9125375991635623
climatology_tmean_doy_plus1,tmin_lag1,0.9124350758523111
Temp_12h_x,tmax_lag1,0.9122996150095113
Temp_mean_last_6h,td_ma3,0.9116173429312309
Tmin_so_far_23h_x,climatology_tmean_doy_plus1,0.9116038095435594
climatology_tmean_doy_plus1,tmin_lag2,0.911257741901779
Tmax_so_far_23h_x,td_ma3,0.9111523644790297
MA_Tmax_3d_asof_23h,tmean_lag3,0.9110957240614735
climatology_tmin_doy_plus1,tmean_lag2,0.910918070579379
climatology_tmin_doy_plus1,tmean_lag1,0.9108804523430847
climatology_tmax_doy,tmin_lag1,0.9108210498139546
climatology_tmax_doy,tmax_max7_completed,0.9107623360868143
Tmean_so_far_23h_x,tmax_ma14_completed,0.9107501119234457
climatology_tmin_doy_plus1,tmean_lag3,0.9103750876460365
Tmin_so_far_23h_x,climatology_tmax_doy,0.9103505088267972
Tmean_so_far_23h_x,climatology_tmin_doy_plus1,0.9102097192575757
Temp_21h_x,td_ma3,0.9101023372311386
climatology_tmax_p10_doy,tmin_lag1,0.9100507186220158
climatology_tmean_doy_plus1,tmean_lag1,0.9099513633371505
Temp_mean_last_6h,tmean_lag1,0.9099388773022822
tmax_lag7,tmax_min7_completed,0.9099098639492497
climatology_tmean_doy_plus1,tmax_max7_completed,0.9099090542546389
Temp_min_last_6h,Td_mean_last_6h,0.9098258814669355
Temp_18h_x,tmean_lag1,0.909754179886511
Tmin_so_far_23h_x,Td_23h_x,0.90971934904485
climatology_tmax_doy_plus1,tmax_max7_completed,0.9095016975031908
tmax_lag2,tmax_max7_completed,0.9094938517640694
climatology_tmean_doy_plus1,tmin_lag3,0.90948621420821
climatology_tmean_doy_plus1,tmean_lag2,0.9094707482478434
Temp_23h_x,Td_mean_00_23h_x,0.9094580210035224
Tmin_so_far_23h_x,climatology_tmax_p10_doy,0.909414441358782
Tmax_so_far_23h_x,Td_mean_00_23h_x,0.909412937978217
Tmean_so_far_23h_x,climatology_tmean_doy_plus1,0.9094113583698008
climatology_tmax_doy,tmin_lag2,0.9094076314473606
Temp_min_last_6h,Td_mean_00_23h_x,0.9091942229500651
climatology_tmax_doy,tmean_lag1,0.9091708794124947
Tmax_so_far_23h_x,Td_max_00_23h_x,0.9091345961697781
climatology_tmin_doy_plus1,tmax_max7_completed,0.9089557935147605
Temp_06h_x,tmean_ma7,0.908942734391399
Tmean_so_far_23h_x,tmean_ma14_completed,0.9089344224772884
climatology_tmax_p90_doy,tmax_max7_completed,0.9088122865427012
climatology_tmax_doy_plus1,tmin_lag1,0.9087961866363299
climatology_tmax_p10_doy,tmin_lag2,0.9087526456142123
Tmean_so_far_23h_x,climatology_tmax_doy,0.9086676476980242
tmin_ma7_completed,td_ma3,0.908591935678492
Tmin_so_far_23h_x,climatology_tmax_doy_plus1,0.9085705782907133
climatology_tmax_doy,tmean_lag2,0.9084546716390828
tmean_ma7,td_ma3,0.9084371001167357
Temp_max_last_6h,tmean_lag1,0.908412600388165
climatology_tmean_doy_plus1,tmean_lag3,0.9083774368813406
climatology_tmax_p10_doy_plus1,tmin_lag1,0.908188177307184
tmin_lag3,tmax_max7_completed,0.9078608426421331
tmean_lag2,td_ma3,0.9078446366703617
tmean_lag1,tmax_max7_completed,0.9078183245174342
climatology_tmax_doy_plus1,tmean_lag1,0.9077849118921993
Tmin_so_far_23h_x,climatology_tmax_p10_doy_plus1,0.9077719140491638
Temp_mean_last_6h,Td_mean_00_23h_x,0.9076155927524545
climatology_tmax_p10_doy,tmean_lag1,0.9075443914374757
climatology_tmax_doy,tmin_lag3,0.9074174243581798
Tmean_so_far_23h_x,tmax_min7_completed,0.9074016841310685
Temp_min_last_6h,tmean_lag1,0.9073960243922409
Tmean_so_far_23h_x,climatology_tmax_doy_plus1,0.9073678412832131
Tmean_so_far_23h_x,climatology_tmax_p10_doy,0.9072371328661234
Temp_mean_last_6h,tmin_lag1,0.9072107715068503
climatology_tmax_doy,tmean_lag3,0.9071588024277969
climatology_tmax_doy_plus1,tmin_lag2,0.9071028528659998
climatology_tmax_p10_doy,tmin_lag3,0.9070486474292684
SLP_change_last_6h,SLP_change_last_12h,0.9069926224375617
Temp_21h_x,Td_mean_00_23h_x,0.9069762113976193
tmax_lag2,tmean_ma14_completed,0.9069632511242578
climatology_tmax_p10_doy,tmean_lag2,0.9068866169577576
climatology_tmax_doy_plus1,tmean_lag2,0.9068206993750453
tmin_lag2,tmax_max7_completed,0.9068060847542992
climatology_tmax_p10_doy_plus1,tmin_lag2,0.9067549463324999
climatology_tmax_p10_doy,tmax_max7_completed,0.9067522157006402
Temp_06h_x,tmin_ma7_completed,0.9066807554244787
Td_max_00_23h_x,Temp_23h_ma3,0.9066699549994972
tmax_lag1,tmax_min7_completed,0.9065475784141335
Temp_min_last_6h,tmin_lag1,0.9065053717491686
Temp_12h_x,Td_max_00_23h_x,0.9064234018382097
climatology_tmax_p90_doy_plus1,tmax_max7_completed,0.9063692699023216
climatology_tmax_p10_doy_plus1,tmean_lag1,0.9063416170478374
Tmean_so_far_23h_x,climatology_tmax_p10_doy_plus1,0.9060340947783069
climatology_tmax_p10_doy_plus1,tmax_max7_completed,0.9059899925434317
tmin_lag3,Temp_23h_ma3,0.9059670404762392
Temp_21h_x,tmean_lag1,0.9059664867252688
climatology_tmax_p10_doy,tmean_lag3,0.9059414281092514
MA_Tmax_3d_asof_23h,tmin_lag3,0.9058240935309337
Td_23h_x,Temp_21h_x,0.9057205063611136
tmean_lag3,Temp_23h_ma3,0.9057047634381095
climatology_tmax_p10_doy_plus1,tmean_lag2,0.9056624217315828
Temp_06h_x,tmax_ma7_completed,0.9054189777701243
climatology_tmax_doy_plus1,tmean_lag3,0.9052146722036644
climatology_tmax_p10_doy_plus1,tmin_lag3,0.9048292620903542
Temp_18h_x,tmin_lag1,0.9048116070049507
climatology_tmax_doy_plus1,tmin_lag3,0.9048027388669599
Temp_max_last_6h,td_ma3,0.9046170407903757
tmax_lag1,tmin_ma7_completed,0.9045522501240643
climatology_tmax_p10_doy_plus1,tmean_lag3,0.9043752330819057
Td_23h_x,Temp_mean_last_6h,0.904040252123467
Temp_21h_x,tmin_lag1,0.9039205805827895
Temp_21h_x,Td_mean_last_6h,0.903620983368021
climatology_tmin_doy_plus1,tmin_lag7,0.9036150664668195
Temp_max_last_6h,tmin_lag1,0.9036006872457507
Temp_23h_x,tmean_lag1,0.9032941805565876
Tmean_so_far_23h_x,Td_mean_last_6h,0.903240255440127
Td_min_00_23h_x,Temp_23h_ma3,0.903222001857476
Temp_min_last_6h,climatology_tmin_doy_plus1,0.9029934327950608
climatology_tmax_p90_doy,tmean_lag1,0.902719947191612
Tmin_so_far_23h_x,climatology_tmax_p90_doy,0.9027170263506011
tmax_ma7_completed,td_ma3,0.902655219285859
tmax_lag1,tmax_ma14_completed,0.9025800358321004
climatology_tmax_p90_doy,tmin_lag1,0.9025345619463724
Temp_18h_x,td_ma3,0.9024158100954186
Temp_23h_x,tmin_lag1,0.9023446474693686
Tmean_so_far_23h_x,climatology_tmax_p90_doy,0.9021427635789508
Temp_min_last_6h,Td_min_00_23h_x,0.9021324986876146
Temp_mean_last_6h,Td_mean_last_6h,0.902020343294894
Temp_min_last_6h,climatology_tmean_doy_plus1,0.9020120949464124
Temp_23h_x,Td_min_00_23h_x,0.9019041104562935
WindDir_sin_23h_x,wind_u,0.9017904220429237
Tmax_so_far_23h_x,tmean_ma3_completed,0.9017045380822946
tmin_lag1,tmin_lag3,0.9016319479234871
Temp_12h_x,tmean_ma3_completed,0.9016046469127698
climatology_tmax_p90_doy,tmean_lag2,0.901489118800614
Temp_min_last_6h,tmean_ma7,0.9014621565933133
Tmin_so_far_23h_x,tmin_lag2,0.901301551761359
Temp_mean_last_6h,climatology_tmin_doy_plus1,0.9012942884097516
Temp_min_last_6h,climatology_tmax_doy,0.9011641215420056
HR_mean_00_23h_x,HR_min_00_23h_x,0.9011038475069745
Temp_max_last_6h,Td_mean_00_23h_x,0.9010792236819303
Temp_mean_last_6h,climatology_tmean_doy_plus1,0.9010157127783133
climatology_tmax_p90_doy,tmin_lag2,0.9005454085893431
Temp_mean_last_6h,climatology_tmax_doy,0.9005047698816838
climatology_tmax_p90_doy_plus1,tmean_lag1,0.900427096500586
Temp_min_last_6h,tmean_ma3_completed,0.9002867121986871
Temp_mean_last_6h,tmean_ma3_completed,0.9002857328792709
Tmin_so_far_23h_x,climatology_tmax_p90_doy_plus1,0.9001229289229036
Tmean_so_far_23h_x,climatology_tmax_p90_doy_plus1,0.900068534738194
HR_min_00_23h_x,Temp_dewpoint_spread_mean_00_23h,-0.9009580275885074
climatology_tmin_doy_plus1,doy_cos,-0.9111312666671375
climatology_tmax_p10_doy,doy_cos,-0.9209391962965765
HR_mean_last_6h,Temp_dewpoint_spread_23h,-0.9243826286559194
climatology_tmean_doy_plus1,doy_cos,-0.9247592396654898
climatology_tmax_p10_doy_plus1,doy_cos,-0.9272768175167564
climatology_tmax_doy,doy_cos,-0.9300808549095485
climatology_tmax_doy_plus1,doy_cos,-0.9361750699353751
climatology_tmax_p90_doy,doy_cos,-0.9399048474931359
climatology_tmax_p90_doy_plus1,doy_cos,-0.9452721687115857
HR_mean_00_23h_x,Temp_dewpoint_spread_mean_00_23h,-0.9749680686910772
HR_23h_x,Temp_dewpoint_spread_23h,-0.9791645725471947
daylight_hours_plus1,doy_cos,-0.9807085517585455
daylight_hours_x,doy_cos,-0.9839070067384915
month_cos,daylight_hours_x,-0.9846335704685748
month_cos,daylight_hours_plus1,-0.9859680178523286
